strategy,total_return,ann_return,ann_vol,sharpe_rf3,max_drawdown,var_5,cvar_5,skew,kurtosis,avg_turnover,median_turnover,max_turnover,avg_l1_change,avg_max_abs_weight_change,avg_weight_entropy,avg_effective_n_entropy,avg_top3_weight,n_rebalances
Rolling MVPO,-0.05385746605893649,-0.018284784285016897,0.06297565490512375,-0.76672143160338,-0.13559661056425132,-0.01422390430709756,-0.016544370059101553,0.3915540386310013,0.20884000101233724,0.013441944282998209,0.008045001493387511,0.12018257212654072,0.026883888565996418,0.013316629962680043,1.0576823308596202,2.8839646449737515,0.9260312332856964,36.0
Rolling REPO,-0.09296446300586958,-0.03200131444903831,0.07301216505636711,-0.8491915614496822,-0.18288019856421323,-0.016334174287739874,-0.019271590723181766,0.25712932405809286,-0.2435664019555488,0.11811963735572856,0.0,0.42580256662000004,0.23623927471145711,0.09027583651025714,1.3716425186210677,4.003031949933235,0.8358296810488057,36.0
Static MVPO,-0.07711795416425815,-0.026396636221341696,0.0621765930279354,-0.9070396667762607,-0.13485142346204126,-0.014671519928678586,-0.01671977481995341,0.23448313254875439,-0.19879661613912525,,,,,,,,,
Static REPO,-0.09455627137195688,-0.03256791138632498,0.0761421562702003,-0.8217249740642312,-0.17750208709806592,-0.016123829110498658,-0.01990516357135959,0.26387068771780375,-0.18079906169125337,,,,,,,,,
