case,optimization,expected_return,cvar,l2_to_benchmark,utility_floor,US Equities,Europe Equities,Emerging Market Equities,Japan Equities
"Case 1 - Stage 1 only (US 7.0%, Europe 6.9%)",Stage 1 (Mean only),0.07104999990499117,0.2142003011721986,0.2738612341022822,,0.5499999691596048,0.2000000345760297,0.24999999417663277,2.0877330900361735e-09
"Case 2 - Stage 1 only (US 6.9%, Europe 7.0%)",Stage 1 (Mean only),0.07104999990499115,0.21174274840138788,0.27386123410228275,,0.2000000345760292,0.5499999691596051,0.24999999417663282,2.0877330607597925e-09
"Case 3 - Stage 1 + Stage 2 (US 6.9%, Europe 7.0%)","Stage 1 + Stage 2 (Lexicographic, no CVaR constraint)",0.07069474990546602,0.209631398135881,0.08411374113603573,0.0706947499054662,0.3852701719635342,0.3987258125505917,0.216004015485877,-5.259196942095698e-16
"Case 4 - Stage 1 + Stage 2 (US 7.0%, Europe 6.9%)","Stage 1 + Stage 2 (Lexicographic, no CVaR constraint)",0.07069474990546605,0.20972949724802614,0.0841137411360388,0.07069474990546622,0.3987258125505904,0.3852701719635321,0.2160040154858804,-5.259349299497118e-16
