scenario,view_name,horizon_weeks,exposures,forecast_return,forecast_vol,prior_implied_return,posterior_implied_return,posterior_minus_forecast,forecast_minus_prior
single_short_view,SPY_minus_AGG_4w_risk_on,4,AGG:-1.00; SPY:+1.00,0.015,0.035,0.010211787994897217,0.01322383224805872,-0.0017761677519412787,0.004788212005102783
single_long_view,GLD_12w_positive,12,GLD:+1.00,0.04,0.06,0.029373243397381017,0.03545058528647349,-0.00454941471352651,0.010626756602618984
mixed_horizon_views,SPY_minus_AGG_4w_risk_on,4,AGG:-1.00; SPY:+1.00,0.015,0.035,0.010211787994897217,0.013234780636220956,-0.0017652193637790435,0.004788212005102783
mixed_horizon_views,GLD_12w_positive,12,GLD:+1.00,0.04,0.06,0.029373243397381017,0.03546503921591131,-0.004534960784088687,0.010626756602618984
conflicting_horizon_views,SPY_minus_AGG_4w_positive,4,AGG:-1.00; SPY:+1.00,0.015,0.025,0.010211787994897217,0.010477817326206267,-0.004522182673793732,0.004788212005102783
conflicting_horizon_views,SPY_minus_AGG_12w_negative,12,AGG:-1.00; SPY:+1.00,-0.01,0.04,0.030635363984691646,0.0013718904328232774,0.011371890432823278,-0.04063536398469165
